<?xml version="1.0" encoding="UTF-8"?>
<metadata xml:lang="en"><Esri><CreaDate>20201211</CreaDate><CreaTime>11071100</CreaTime><ArcGISFormat>1.0</ArcGISFormat><SyncOnce>FALSE</SyncOnce><DataProperties><itemProps><itemName Sync="TRUE">permits_clearing_MERGE_CCG_2020_12_10</itemName><imsContentType Sync="TRUE">002</imsContentType><itemSize Sync="TRUE">0.000</itemSize><itemLocation><linkage Sync="TRUE">file://\\DESKTOP-2KGC5LD\D$\Dropbox (CCG)\data\aust_t\human\land_clearing\nt\Permits_Clearing_MERGE_CCG\2020_12_10\permits_clearing_MERGE_CCG_2020_12_10.shp</linkage><protocol Sync="TRUE">Local Area Network</protocol></itemLocation></itemProps><coordRef><type Sync="TRUE">Geographic</type><geogcsn Sync="TRUE">GCS_GDA_1994</geogcsn><csUnits Sync="TRUE">Angular Unit: Degree (0.017453)</csUnits><peXml Sync="TRUE">&lt;GeographicCoordinateSystem xsi:type='typens:GeographicCoordinateSystem' xmlns:xsi='http://www.w3.org/2001/XMLSchema-instance' xmlns:xs='http://www.w3.org/2001/XMLSchema' xmlns:typens='http://www.esri.com/schemas/ArcGIS/10.8'&gt;&lt;WKT&gt;GEOGCS[&amp;quot;GCS_GDA_1994&amp;quot;,DATUM[&amp;quot;D_GDA_1994&amp;quot;,SPHEROID[&amp;quot;GRS_1980&amp;quot;,6378137.0,298.257222101]],PRIMEM[&amp;quot;Greenwich&amp;quot;,0.0],UNIT[&amp;quot;Degree&amp;quot;,0.0174532925199433],AUTHORITY[&amp;quot;EPSG&amp;quot;,4283]]&lt;/WKT&gt;&lt;XOrigin&gt;-400&lt;/XOrigin&gt;&lt;YOrigin&gt;-400&lt;/YOrigin&gt;&lt;XYScale&gt;11258999068426.238&lt;/XYScale&gt;&lt;ZOrigin&gt;-100000&lt;/ZOrigin&gt;&lt;ZScale&gt;10000&lt;/ZScale&gt;&lt;MOrigin&gt;-100000&lt;/MOrigin&gt;&lt;MScale&gt;10000&lt;/MScale&gt;&lt;XYTolerance&gt;8.9831528411952133e-09&lt;/XYTolerance&gt;&lt;ZTolerance&gt;0.001&lt;/ZTolerance&gt;&lt;MTolerance&gt;0.001&lt;/MTolerance&gt;&lt;HighPrecision&gt;true&lt;/HighPrecision&gt;&lt;LeftLongitude&gt;-180&lt;/LeftLongitude&gt;&lt;WKID&gt;4283&lt;/WKID&gt;&lt;LatestWKID&gt;4283&lt;/LatestWKID&gt;&lt;/GeographicCoordinateSystem&gt;</peXml></coordRef><lineage><Process ToolSource="c:\program files (x86)\arcgis\desktop10.8\ArcToolbox\Toolboxes\Data Management Tools.tbx\Merge" Date="20201211" Time="110715">Merge Permits_Clearing_Pastoral_Land;Permits_Clearing_Unzoned_Land "D:\Dropbox (CCG)\data\aust_t\human\land_clearing\nt\Permits_Clearing_MERGE_CCG\2020_12_10\permits_clearing_MERGE_CCG_2020_12_10.shp" "OBJECTID "OBJECTID" true true false 38 Double 0 38 ,First,#,Permits_Clearing_Pastoral_Land,OBJECTID,-1,-1,Permits_Clearing_Unzoned_Land,OBJECTID,-1,-1;PERMIT_NUM "PERMIT_NUM" true true false 20 Text 0 0 ,First,#,Permits_Clearing_Pastoral_Land,PERMIT_NUM,-1,-1,Permits_Clearing_Unzoned_Land,PERMIT_NUM,-1,-1;PERMIT_REF "PERMIT_REF" true true false 20 Text 0 0 ,First,#,Permits_Clearing_Pastoral_Land,PERMIT_REF,-1,-1,Permits_Clearing_Unzoned_Land,PERMIT_REF,-1,-1;PERMITPOLY "PERMITPOLY" true true false 38 Double 0 38 ,First,#,Permits_Clearing_Pastoral_Land,PERMITPOLY,-1,-1,Permits_Clearing_Unzoned_Land,PERMITPOLY,-1,-1;PA_NUM "PA_NUM" true true false 20 Text 0 0 ,First,#,Permits_Clearing_Pastoral_Land,PA_NUM,-1,-1,Permits_Clearing_Unzoned_Land,PA_NUM,-1,-1;DATELODGED "DATELODGED" true true false 20 Text 0 0 ,First,#,Permits_Clearing_Pastoral_Land,DATELODGED,-1,-1,Permits_Clearing_Unzoned_Land,DATELODGED,-1,-1;DATEAPPROV "DATEAPPROV" true true false 20 Text 0 0 ,First,#,Permits_Clearing_Pastoral_Land,DATEAPPROV,-1,-1,Permits_Clearing_Unzoned_Land,DATEAPPROV,-1,-1;DATEEXPIRY "DATEEXPIRY" true true false 20 Text 0 0 ,First,#,Permits_Clearing_Pastoral_Land,DATEEXPIRY,-1,-1,Permits_Clearing_Unzoned_Land,DATEEXPIRY,-1,-1;TENURE_REF "TENURE_REF" true true false 15 Text 0 0 ,First,#,Permits_Clearing_Pastoral_Land,TENURE_REF,-1,-1;LAISKEY "LAISKEY" true true false 15 Text 0 0 ,First,#,Permits_Clearing_Pastoral_Land,LAISKEY,-1,-1,Permits_Clearing_Unzoned_Land,LAISKEY,-1,-1;LOC_CODE "LOC_CODE" true true false 3 Text 0 0 ,First,#,Permits_Clearing_Pastoral_Land,LOC_CODE,-1,-1,Permits_Clearing_Unzoned_Land,LOC_CODE,-1,-1;PARCEL "PARCEL" true true false 5 Text 0 0 ,First,#,Permits_Clearing_Pastoral_Land,PARCEL,-1,-1,Permits_Clearing_Unzoned_Land,PARCEL,-1,-1;PROPERTY "PROPERTY" true true false 50 Text 0 0 ,First,#,Permits_Clearing_Pastoral_Land,PROPERTY,-1,-1;DISTRICT "DISTRICT" true true false 25 Text 0 0 ,First,#,Permits_Clearing_Pastoral_Land,DISTRICT,-1,-1;APPLICANT "APPLICANT" true true false 60 Text 0 0 ,First,#,Permits_Clearing_Pastoral_Land,APPLICANT,-1,-1,Permits_Clearing_Unzoned_Land,APPLICANT,-1,-1;PROPOSEUSE "PROPOSEUSE" true true false 50 Text 0 0 ,First,#,Permits_Clearing_Pastoral_Land,PROPOSEUSE,-1,-1,Permits_Clearing_Unzoned_Land,PROPOSEUSE,-1,-1;PERMIT_HA "PERMIT_HA" true true false 38 Double 8 37 ,First,#,Permits_Clearing_Pastoral_Land,PERMIT_HA,-1,-1,Permits_Clearing_Unzoned_Land,PERMIT_HA,-1,-1;POLY_HA "POLY_HA" true true false 38 Double 8 37 ,First,#,Permits_Clearing_Pastoral_Land,POLY_HA,-1,-1,Permits_Clearing_Unzoned_Land,POLY_HA,-1,-1;NOTE "NOTE" true true false 2 Text 0 0 ,First,#,Permits_Clearing_Pastoral_Land,NOTE,-1,-1,Permits_Clearing_Unzoned_Land,NOTE,-1,-1;LOCALITY "LOCALITY" true true false 50 Text 0 0 ,First,#,Permits_Clearing_Unzoned_Land,LOCALITY,-1,-1;ST_NAME "ST_NAME" true true false 50 Text 0 0 ,First,#,Permits_Clearing_Unzoned_Land,ST_NAME,-1,-1"</Process><Process ToolSource="c:\program files (x86)\arcgis\desktop10.8\ArcToolbox\Toolboxes\Data Management Tools.tbx\CalculateField" Date="20210926" Time="213128">CalculateField CLEARING\permits_clearing_MERGE_CCG_2020_12_10 year Left( [DATEAPPROV],4 ) VB #</Process></lineage></DataProperties><SyncDate>20201211</SyncDate><SyncTime>11071100</SyncTime><ModDate>20201211</ModDate><ModTime>11071100</ModTime></Esri><dataIdInfo><envirDesc Sync="TRUE"> Version 6.2 (Build 9200) ; Esri ArcGIS 10.8.1.14362</envirDesc><dataLang><languageCode value="eng" Sync="TRUE"></languageCode><countryCode value="AUS" Sync="TRUE"></countryCode></dataLang><idCitation><resTitle Sync="TRUE">permits_clearing_MERGE_CCG_2020_12_10</resTitle><presForm><PresFormCd value="005" Sync="TRUE"></PresFormCd></presForm></idCitation><spatRpType><SpatRepTypCd value="001" Sync="TRUE"></SpatRepTypCd></spatRpType></dataIdInfo><mdLang><languageCode value="eng" Sync="TRUE"></languageCode><countryCode value="AUS" Sync="TRUE"></countryCode></mdLang><mdChar><CharSetCd value="004" Sync="TRUE"></CharSetCd></mdChar><distInfo><distFormat><formatName Sync="TRUE">Shapefile</formatName></distFormat><distTranOps><transSize Sync="TRUE">0.000</transSize></distTranOps></distInfo><mdHrLv><ScopeCd value="005" Sync="TRUE"></ScopeCd></mdHrLv><mdHrLvName Sync="TRUE">dataset</mdHrLvName><refSysInfo><RefSystem><refSysID><identCode code="4283" Sync="TRUE"></identCode><idCodeSpace Sync="TRUE">EPSG</idCodeSpace><idVersion Sync="TRUE">9.8(3.0.1)</idVersion></refSysID></RefSystem></refSysInfo><spatRepInfo><VectSpatRep><geometObjs Name="permits_clearing_MERGE_CCG_2020_12_10"><geoObjTyp><GeoObjTypCd value="002" Sync="TRUE"></GeoObjTypCd></geoObjTyp><geoObjCnt Sync="TRUE">0</geoObjCnt></geometObjs><topLvl><TopoLevCd value="001" Sync="TRUE"></TopoLevCd></topLvl></VectSpatRep></spatRepInfo><spdoinfo><ptvctinf><esriterm Name="permits_clearing_MERGE_CCG_2020_12_10"><efeatyp Sync="TRUE">Simple</efeatyp><efeageom code="4" Sync="TRUE"></efeageom><esritopo Sync="TRUE">FALSE</esritopo><efeacnt Sync="TRUE">0</efeacnt><spindex Sync="TRUE">FALSE</spindex><linrefer Sync="TRUE">FALSE</linrefer></esriterm></ptvctinf></spdoinfo><eainfo><detailed Name="permits_clearing_MERGE_CCG_2020_12_10"><enttyp><enttypl Sync="TRUE">permits_clearing_MERGE_CCG_2020_12_10</enttypl><enttypt Sync="TRUE">Feature Class</enttypt><enttypc Sync="TRUE">0</enttypc></enttyp><attr><attrlabl Sync="TRUE">FID</attrlabl><attalias Sync="TRUE">FID</attalias><attrtype Sync="TRUE">OID</attrtype><attwidth Sync="TRUE">4</attwidth><atprecis Sync="TRUE">0</atprecis><attscale Sync="TRUE">0</attscale><attrdef Sync="TRUE">Internal feature number.</attrdef><attrdefs Sync="TRUE">Esri</attrdefs><attrdomv><udom Sync="TRUE">Sequential unique whole numbers that are automatically generated.</udom></attrdomv></attr><attr><attrlabl Sync="TRUE">Shape</attrlabl><attalias Sync="TRUE">Shape</attalias><attrtype Sync="TRUE">Geometry</attrtype><attwidth Sync="TRUE">0</attwidth><atprecis Sync="TRUE">0</atprecis><attscale Sync="TRUE">0</attscale><attrdef Sync="TRUE">Feature geometry.</attrdef><attrdefs Sync="TRUE">Esri</attrdefs><attrdomv><udom Sync="TRUE">Coordinates defining the features.</udom></attrdomv></attr><attr><attrlabl Sync="TRUE">OBJECTID</attrlabl><attalias Sync="TRUE">OBJECTID</attalias><attrtype Sync="TRUE">Double</attrtype><attwidth Sync="TRUE">19</attwidth><atprecis Sync="TRUE">19</atprecis><attscale Sync="TRUE">0</attscale></attr><attr><attrlabl Sync="TRUE">PERMIT_NUM</attrlabl><attalias Sync="TRUE">PERMIT_NUM</attalias><attrtype Sync="TRUE">String</attrtype><attwidth Sync="TRUE">20</attwidth><atprecis Sync="TRUE">0</atprecis><attscale Sync="TRUE">0</attscale></attr><attr><attrlabl Sync="TRUE">PERMIT_REF</attrlabl><attalias Sync="TRUE">PERMIT_REF</attalias><attrtype Sync="TRUE">String</attrtype><attwidth Sync="TRUE">20</attwidth><atprecis Sync="TRUE">0</atprecis><attscale Sync="TRUE">0</attscale></attr><attr><attrlabl Sync="TRUE">PERMITPOLY</attrlabl><attalias Sync="TRUE">PERMITPOLY</attalias><attrtype Sync="TRUE">Double</attrtype><attwidth Sync="TRUE">19</attwidth><atprecis Sync="TRUE">19</atprecis><attscale Sync="TRUE">0</attscale></attr><attr><attrlabl Sync="TRUE">PA_NUM</attrlabl><attalias Sync="TRUE">PA_NUM</attalias><attrtype Sync="TRUE">String</attrtype><attwidth Sync="TRUE">20</attwidth><atprecis Sync="TRUE">0</atprecis><attscale Sync="TRUE">0</attscale></attr><attr><attrlabl Sync="TRUE">DATELODGED</attrlabl><attalias Sync="TRUE">DATELODGED</attalias><attrtype Sync="TRUE">String</attrtype><attwidth Sync="TRUE">20</attwidth><atprecis Sync="TRUE">0</atprecis><attscale Sync="TRUE">0</attscale></attr><attr><attrlabl Sync="TRUE">DATEAPPROV</attrlabl><attalias Sync="TRUE">DATEAPPROV</attalias><attrtype Sync="TRUE">String</attrtype><attwidth Sync="TRUE">20</attwidth><atprecis Sync="TRUE">0</atprecis><attscale Sync="TRUE">0</attscale></attr><attr><attrlabl Sync="TRUE">DATEEXPIRY</attrlabl><attalias Sync="TRUE">DATEEXPIRY</attalias><attrtype Sync="TRUE">String</attrtype><attwidth Sync="TRUE">20</attwidth><atprecis Sync="TRUE">0</atprecis><attscale Sync="TRUE">0</attscale></attr><attr><attrlabl Sync="TRUE">TENURE_REF</attrlabl><attalias Sync="TRUE">TENURE_REF</attalias><attrtype Sync="TRUE">String</attrtype><attwidth Sync="TRUE">15</attwidth><atprecis Sync="TRUE">0</atprecis><attscale Sync="TRUE">0</attscale></attr><attr><attrlabl Sync="TRUE">LAISKEY</attrlabl><attalias Sync="TRUE">LAISKEY</attalias><attrtype Sync="TRUE">String</attrtype><attwidth Sync="TRUE">15</attwidth><atprecis Sync="TRUE">0</atprecis><attscale Sync="TRUE">0</attscale></attr><attr><attrlabl Sync="TRUE">LOC_CODE</attrlabl><attalias Sync="TRUE">LOC_CODE</attalias><attrtype Sync="TRUE">String</attrtype><attwidth Sync="TRUE">3</attwidth><atprecis Sync="TRUE">0</atprecis><attscale Sync="TRUE">0</attscale></attr><attr><attrlabl Sync="TRUE">PARCEL</attrlabl><attalias Sync="TRUE">PARCEL</attalias><attrtype Sync="TRUE">String</attrtype><attwidth Sync="TRUE">5</attwidth><atprecis Sync="TRUE">0</atprecis><attscale Sync="TRUE">0</attscale></attr><attr><attrlabl Sync="TRUE">PROPERTY</attrlabl><attalias Sync="TRUE">PROPERTY</attalias><attrtype Sync="TRUE">String</attrtype><attwidth Sync="TRUE">50</attwidth><atprecis Sync="TRUE">0</atprecis><attscale Sync="TRUE">0</attscale></attr><attr><attrlabl Sync="TRUE">DISTRICT</attrlabl><attalias Sync="TRUE">DISTRICT</attalias><attrtype Sync="TRUE">String</attrtype><attwidth Sync="TRUE">25</attwidth><atprecis Sync="TRUE">0</atprecis><attscale Sync="TRUE">0</attscale></attr><attr><attrlabl Sync="TRUE">APPLICANT</attrlabl><attalias Sync="TRUE">APPLICANT</attalias><attrtype Sync="TRUE">String</attrtype><attwidth Sync="TRUE">60</attwidth><atprecis Sync="TRUE">0</atprecis><attscale Sync="TRUE">0</attscale></attr><attr><attrlabl Sync="TRUE">PROPOSEUSE</attrlabl><attalias Sync="TRUE">PROPOSEUSE</attalias><attrtype Sync="TRUE">String</attrtype><attwidth Sync="TRUE">50</attwidth><atprecis Sync="TRUE">0</atprecis><attscale Sync="TRUE">0</attscale></attr><attr><attrlabl Sync="TRUE">PERMIT_HA</attrlabl><attalias Sync="TRUE">PERMIT_HA</attalias><attrtype Sync="TRUE">Double</attrtype><attwidth Sync="TRUE">19</attwidth><atprecis Sync="TRUE">18</atprecis><attscale Sync="TRUE">8</attscale></attr><attr><attrlabl Sync="TRUE">POLY_HA</attrlabl><attalias Sync="TRUE">POLY_HA</attalias><attrtype Sync="TRUE">Double</attrtype><attwidth Sync="TRUE">19</attwidth><atprecis Sync="TRUE">18</atprecis><attscale Sync="TRUE">8</attscale></attr><attr><attrlabl Sync="TRUE">NOTE</attrlabl><attalias Sync="TRUE">NOTE</attalias><attrtype Sync="TRUE">String</attrtype><attwidth Sync="TRUE">2</attwidth><atprecis Sync="TRUE">0</atprecis><attscale Sync="TRUE">0</attscale></attr><attr><attrlabl Sync="TRUE">LOCALITY</attrlabl><attalias Sync="TRUE">LOCALITY</attalias><attrtype Sync="TRUE">String</attrtype><attwidth Sync="TRUE">50</attwidth><atprecis Sync="TRUE">0</atprecis><attscale Sync="TRUE">0</attscale></attr><attr><attrlabl Sync="TRUE">ST_NAME</attrlabl><attalias Sync="TRUE">ST_NAME</attalias><attrtype Sync="TRUE">String</attrtype><attwidth Sync="TRUE">50</attwidth><atprecis Sync="TRUE">0</atprecis><attscale Sync="TRUE">0</attscale></attr></detailed></eainfo><mdDateSt Sync="TRUE">20201211</mdDateSt></metadata>
